{"metadata":{"asset_id":"3d95e538-10be-4f37-9a08-d8b7685aba47","asset_attributes":["notebook"],"name":"3","asset_type":"notebook","created_at":"2022-02-21T15:07:36Z","description":"","origin_country":"us","owner_id":"IBMid-666001HSB4","project_id":"2e3c475d-f3e8-4c81-b0a6-e31f72326acc","size":38338,"tags":["notebook"],"usage":{"last_update_time":1645535001880,"last_updated_at":"2022-02-22T13:03:21Z"}},"entity":{"notebook":{"kernel":{"name":"python3","display_name":"Python 3.8","language":"python"},"originates_from":{"type":"blank"},"runtime":{"environment":"conda2py38-2e3c475d-f3e8-4c81-b0a6-e31f72326acc"}}},"attachments":[{"id":"a52ded14-88c0-4811-98ab-50419b334280","version":2,"asset_type":"notebook","name":"attachment for notebook 3d95e538-10be-4f37-9a08-d8b7685aba47","description":"attachment for notebook 3d95e538-10be-4f37-9a08-d8b7685aba47","mime":"application/json","datasource_type":"193a97c1-4475-4a19-b90c-295c4fdc6517","object_key":"notebook/3_8aB8Uzn8a.ipynb","creator_id":"IBMid-666001HSB4","create_time":1645456056768,"size":38338,"is_remote":false,"is_managed":false,"is_referenced":true,"is_object_key_read_only":false,"is_user_provided_path_key":true,"transfer_complete":true,"is_partitioned":false,"complete_time_ticks":1645456056768,"user_data":{},"test_doc":0,"handle":{"bucket":"pythonbasicsfordatascienceproject-donotdelete-pr-awbcmqsz8gqzsp","location":"us-geo","key":"notebook/3_8aB8Uzn8a.ipynb","upload_id":"done","max_part_num":1},"usage":{"access_count":3,"last_accessor_id":"IBMid-666001HSB4","last_access_time":1645534902252,"last_updater_id":"IBMid-666001HSB4","last_update_time":1645534902252}}]}
