{"metadata":{"asset_id":"5d435e6a-2386-445c-bd30-1b1919bd61b5","asset_attributes":["notebook"],"name":"6","asset_type":"notebook","created_at":"2022-02-21T15:12:02Z","description":"","origin_country":"us","owner_id":"IBMid-666001HSB4","project_id":"2e3c475d-f3e8-4c81-b0a6-e31f72326acc","size":167271,"tags":["notebook"],"usage":{"last_update_time":1645540934821,"last_updated_at":"2022-02-22T14:42:14Z"}},"entity":{"notebook":{"kernel":{"name":"python3","display_name":"Python 3.8","language":"python"},"originates_from":{"type":"blank"},"runtime":{"environment":"conda2py38-2e3c475d-f3e8-4c81-b0a6-e31f72326acc"}}},"attachments":[{"id":"69d7cb9c-b1f6-43f4-8f4e-933d53f23a72","version":2,"asset_type":"notebook","name":"attachment for notebook 5d435e6a-2386-445c-bd30-1b1919bd61b5","description":"attachment for notebook 5d435e6a-2386-445c-bd30-1b1919bd61b5","mime":"application/json","datasource_type":"193a97c1-4475-4a19-b90c-295c4fdc6517","object_key":"notebook/6_eE_EeqTN_.ipynb","creator_id":"IBMid-666001HSB4","create_time":1645456322919,"size":167271,"is_remote":false,"is_managed":false,"is_referenced":true,"is_object_key_read_only":false,"is_user_provided_path_key":true,"transfer_complete":true,"is_partitioned":false,"complete_time_ticks":1645456322919,"user_data":{},"test_doc":0,"handle":{"bucket":"pythonbasicsfordatascienceproject-donotdelete-pr-awbcmqsz8gqzsp","location":"us-geo","key":"notebook/6_eE_EeqTN_.ipynb","upload_id":"done","max_part_num":1},"usage":{"access_count":6,"last_accessor_id":"IBMid-666001HSB4","last_access_time":1645540933237,"last_updater_id":"IBMid-666001HSB4","last_update_time":1645540933237}}]}
