{"metadata":{"asset_id":"82c73c9b-ffb7-4e5f-8fc8-8c3f87b76b83","asset_attributes":["notebook"],"name":"7","asset_type":"notebook","created_at":"2022-02-21T15:13:26Z","description":"","origin_country":"us","owner_id":"IBMid-666001HSB4","project_id":"2e3c475d-f3e8-4c81-b0a6-e31f72326acc","size":90270,"tags":["notebook"],"usage":{"last_update_time":1645540222695,"last_updated_at":"2022-02-22T14:30:22Z"}},"entity":{"notebook":{"kernel":{"name":"python3","display_name":"Python 3.8","language":"python"},"originates_from":{"type":"blank"},"runtime":{"environment":"conda2py38-2e3c475d-f3e8-4c81-b0a6-e31f72326acc"}}},"attachments":[{"id":"8aa0c3bc-35e3-4d64-9941-b608b0341f39","version":2,"asset_type":"notebook","name":"attachment for notebook 82c73c9b-ffb7-4e5f-8fc8-8c3f87b76b83","description":"attachment for notebook 82c73c9b-ffb7-4e5f-8fc8-8c3f87b76b83","mime":"application/json","datasource_type":"193a97c1-4475-4a19-b90c-295c4fdc6517","object_key":"notebook/7_3T402kXB7.ipynb","creator_id":"IBMid-666001HSB4","create_time":1645456406760,"size":90270,"is_remote":false,"is_managed":false,"is_referenced":true,"is_object_key_read_only":false,"is_user_provided_path_key":true,"transfer_complete":true,"is_partitioned":false,"complete_time_ticks":1645456406760,"user_data":{},"test_doc":0,"handle":{"bucket":"pythonbasicsfordatascienceproject-donotdelete-pr-awbcmqsz8gqzsp","location":"us-geo","key":"notebook/7_3T402kXB7.ipynb","upload_id":"done","max_part_num":1},"usage":{"access_count":7,"last_accessor_id":"IBMid-666001HSB4","last_access_time":1645540222694,"last_updater_id":"IBMid-666001HSB4","last_update_time":1645540222694}}]}
