{"metadata":{"asset_id":"8746c634-5e68-4cb0-b85b-e07277164505","asset_attributes":["notebook"],"name":"5","asset_type":"notebook","created_at":"2022-02-21T15:10:39Z","description":"","origin_country":"us","owner_id":"IBMid-666001HSB4","project_id":"2e3c475d-f3e8-4c81-b0a6-e31f72326acc","size":200911,"tags":["notebook"],"usage":{"last_update_time":1645539024223,"last_updated_at":"2022-02-22T14:10:24Z"}},"entity":{"notebook":{"kernel":{"name":"python3","display_name":"Python 3.8","language":"python"},"originates_from":{"type":"blank"},"runtime":{"environment":"conda2py38-2e3c475d-f3e8-4c81-b0a6-e31f72326acc"}}},"attachments":[{"id":"d1c3aa9e-00d4-4135-8ac7-4cbd7d5bdd8b","version":2,"asset_type":"notebook","name":"attachment for notebook 8746c634-5e68-4cb0-b85b-e07277164505","description":"attachment for notebook 8746c634-5e68-4cb0-b85b-e07277164505","mime":"application/json","datasource_type":"193a97c1-4475-4a19-b90c-295c4fdc6517","object_key":"notebook/5_H13zvtpII.ipynb","creator_id":"IBMid-666001HSB4","create_time":1645456240440,"size":200911,"is_remote":false,"is_managed":false,"is_referenced":true,"is_object_key_read_only":false,"is_user_provided_path_key":true,"transfer_complete":true,"is_partitioned":false,"complete_time_ticks":1645456240440,"user_data":{},"test_doc":0,"handle":{"bucket":"pythonbasicsfordatascienceproject-donotdelete-pr-awbcmqsz8gqzsp","location":"us-geo","key":"notebook/5_H13zvtpII.ipynb","upload_id":"done","max_part_num":1},"usage":{"access_count":7,"last_accessor_id":"IBMid-666001HSB4","last_access_time":1645539024221,"last_updater_id":"IBMid-666001HSB4","last_update_time":1645539024221}}]}
