{"metadata":{"asset_id":"e9687f47-0594-47a2-a8ae-eb87d9ddd385","asset_attributes":["notebook"],"name":"1","asset_type":"notebook","created_at":"2022-02-21T14:59:37Z","description":"","origin_country":"us","owner_id":"IBMid-666001HSB4","project_id":"2e3c475d-f3e8-4c81-b0a6-e31f72326acc","size":447810,"tags":["notebook"],"usage":{"last_update_time":1645875331153,"last_updated_at":"2022-02-26T11:35:31Z"}},"entity":{"notebook":{"kernel":{"name":"python3","display_name":"Python 3.8","language":"python"},"originates_from":{"type":"blank"},"runtime":{"environment":"conda2py38-2e3c475d-f3e8-4c81-b0a6-e31f72326acc"}}},"attachments":[{"id":"aefc7bad-6332-4b4b-bc87-931cb96dbb5e","version":2,"asset_type":"notebook","name":"attachment for notebook e9687f47-0594-47a2-a8ae-eb87d9ddd385","description":"attachment for notebook e9687f47-0594-47a2-a8ae-eb87d9ddd385","mime":"application/json","datasource_type":"193a97c1-4475-4a19-b90c-295c4fdc6517","object_key":"notebook/1_idyqV9T68.ipynb","creator_id":"IBMid-666001HSB4","create_time":1645455578392,"size":447810,"is_remote":false,"is_managed":false,"is_referenced":true,"is_object_key_read_only":false,"is_user_provided_path_key":true,"transfer_complete":true,"is_partitioned":false,"complete_time_ticks":1645455578392,"user_data":{},"test_doc":0,"handle":{"bucket":"pythonbasicsfordatascienceproject-donotdelete-pr-awbcmqsz8gqzsp","location":"us-geo","key":"notebook/1_idyqV9T68.ipynb","upload_id":"done","max_part_num":1},"usage":{"access_count":9,"last_accessor_id":"IBMid-666001HSB4","last_access_time":1645534219984,"last_updater_id":"IBMid-666001HSB4","last_update_time":1645534219984}}]}
